Wavetronix ID:1,Project 1j-EB
Wavetronix ID:2,Project 1j-EB
Wavetronix ID:3,Project 1j-WB
Wavetronix ID:4,Project 1j-WB
Wavetronix ID:5,Project 1j-WB
Wavetronix ID:6,Project 1v-SB
Wavetronix ID:7,Project 1v-SB
Wavetronix ID:8,Project 1y-SB
Wavetronix ID:9,Project 2e-SB
Wavetronix ID:10,Project 2e-SB
Wavetronix ID:11,Project 2e-SB
Wavetronix ID:12,Project 2e-NB
Wavetronix ID:13,Project 2g-WB
Wavetronix ID:14,Project 2g-EB
Wavetronix ID:15,Project 3b-SB
Wavetronix ID:16,Project 3b-SB
Wavetronix ID:17,Project 3b-SB
Wavetronix ID:18,Project 3b-SB
Wavetronix ID:19,Project 3b-NB
Wavetronix ID:20,Project 3b-NB
Wavetronix ID:21,Project 3b-NB
Wavetronix ID:22,Project 4.1 - I29-SB
Wavetronix ID:23,Project 4.1 - I29-SB
Wavetronix ID:24,Project 4.1 - I80-EB
Wavetronix ID:25,Project 5b-NB
Wavetronix ID:26,Project 5b-NB
Wavetronix ID:27,Project 5b-NB
Wavetronix ID:28,Project 5b-NB
Wavetronix ID:29,Project 5b-SB
Wavetronix ID:30,Project 5b-SB
Wavetronix ID:31,Project 5b-SB
Wavetronix ID:32,Project 5b-SB
Wavetronix ID:33,Project 5b-SB
Wavetronix ID:34,Project 5h-NB
Wavetronix ID:35,Project 5h-SB
Wavetronix ID:36,Project 5k-SB
Wavetronix ID:37,Project 5k-SB
Wavetronix ID:38,Project 5k-SB
Wavetronix ID:39,Project 6j-SB
Wavetronix ID:40,Project 6j-SB
Wavetronix ID:41,Project 6j-SB
Wavetronix ID:42,Project 6j-SB
Wavetronix ID:43,Project 6k-NB
Wavetronix ID:44,Project 6k-NB
Wavetronix ID:45,Project 6k-NB
Wavetronix ID:46,Project 6k-NB
Wavetronix ID:47,Project 6k-NB
Wavetronix ID:48,Project 6k-NB
Wavetronix ID:49,Project 6k-SB
Wavetronix ID:50,Project 6k-SB
Wavetronix ID:51,Project 6k-SB
Wavetronix ID:52,Project 3g-SB
Wavetronix ID:53,Project 3g-SB
Wavetronix ID:54,Project 3g-NB
Wavetronix ID:55,Project 6k-NB
Wavetronix ID:56,Project 4pv-EB
Wavetronix ID:57,Project 4pv-EB
Wavetronix ID:58,Project 4pv-WB
Wavetronix ID:59,Project 4pv-WB
Wavetronix ID:60,Project 4pv-WB
Wavetronix ID:61,Project 4x-NB
Wavetronix ID:62,Project 4x-NB
Wavetronix ID:63,Project 4x-NB
Wavetronix ID:64,Project 4x-NB
Wavetronix ID:65,Project 4x-NB
Wavetronix ID:66,Project 4x-SB
Wavetronix ID:67,Project 4x-SB
